park_code,park_name,state,region,acres,species_richness,vertebrate_richness,native_species,non_native_species,non_native_share,esa_listed_species,at_risk_species,at_risk_per_1k_species,latest_year,visitors_latest,visitors_10y_ago,cagr_10y,visitors_per_acre
ACAD,Acadia National Park,ME,NE,47390,1172,302,883,274,0.2368,1,49,41.81,2016,3303393,2083588,0.0472,69.707
ARCH,Arches National Park,UT,IM,76519,750,251,665,84,0.1121,2,51,68.0,2016,1585718,833049,0.0665,20.723
BADL,Badlands National Park,SD,MW,242756,1169,271,622,79,0.1127,2,58,49.62,2016,996263,840118,0.0172,4.104
BIBE,Big Bend National Park,TX,IM,801163,2051,608,1902,109,0.0542,11,130,63.38,2016,388290,298717,0.0266,0.485
BISC,Biscayne National Park,FL,SE,172924,1443,956,661,177,0.2112,19,59,40.89,2016,514709,608836,-0.0167,2.977
BLCA,Black Canyon of the Gunnison National Park,CO,IM,32950,689,214,613,76,0.1103,1,50,72.57,2016,238018,160450,0.0402,7.224
BRCA,Bryce Canyon National Park,UT,IM,35835,790,232,728,60,0.0761,2,56,70.89,2016,2365110,890676,0.1026,66.0
CANY,Canyonlands National Park,UT,IM,337598,866,309,784,82,0.0947,6,67,77.37,2016,776218,392537,0.0706,2.299
CARE,Capitol Reef National Park,UT,IM,241904,1163,322,1028,133,0.1146,7,76,65.35,2016,1064904,511511,0.0761,4.402
CAVE,Carlsbad Caverns National Park,NM,IM,46766,1480,486,1356,71,0.0498,3,94,63.51,2016,466773,407367,0.0137,9.981
CHIS,Channel Islands National Park,CA,PW,249561,1868,679,1623,224,0.1213,30,135,72.27,2016,364807,375256,-0.0028,1.462
CONG,Congaree National Park,SC,SE,26546,2271,362,1121,84,0.0697,1,41,18.05,2016,143843,134045,0.0071,5.419
CRLA,Crater Lake National Park,OR,PW,183224,3454,255,1069,53,0.0472,5,58,16.79,2016,756344,388972,0.0688,4.128
CUVA,Cuyahoga Valley National Park,OH,MW,32950,1820,391,1500,267,0.1511,2,53,29.12,2016,2423390,2468816,-0.0019,73.547
DEVA,Death Valley National Park,"CA, NV",PW,4740912,3974,848,1330,80,0.0567,37,222,55.86,2016,1296283,744440,0.057,0.273
DENA,Denali National Park and Preserve,AK,AK,3372402,1264,208,977,22,0.022,1,29,22.94,2016,587412,415935,0.0351,0.174
DRTO,Dry Tortugas National Park,FL,SE,64701,749,552,340,141,0.2931,10,57,76.1,2016,73661,64122,0.014,1.138
EVER,Everglades National Park,FL,SE,1508538,1829,788,1381,401,0.225,16,95,51.94,2016,930907,954022,-0.0024,0.617
GAAR,Gates Of The Arctic National Park and Preserve,AK,AK,7523898,1203,161,720,0,0.0,0,18,14.96,2016,10047,9982,0.0006,0.001
GLBA,Glacier Bay National Park and Preserve,AK,AK,3224840,1405,422,887,29,0.0317,3,42,29.89,2016,520171,413382,0.0232,0.161
GLAC,Glacier National Park,MT,IM,1013572,2411,340,2058,138,0.0628,2,70,29.03,2016,2946681,1964399,0.0414,2.907
GRCA,Grand Canyon National Park,AZ,IM,1217403,2580,643,2309,222,0.0877,10,118,45.74,2016,5969811,4279439,0.0338,4.904
GRTE,Grand Teton National Park,WY,IM,309995,1843,271,1446,142,0.0894,2,66,35.81,2016,3270076,2406476,0.0311,10.549
GRBA,Great Basin National Park,NV,PW,77180,2389,457,887,68,0.0712,5,77,32.23,2016,144846,78524,0.0631,1.877
GRSA,Great Sand Dunes National Park and Preserve,CO,IM,42984,858,265,821,28,0.033,0,47,54.78,2016,388308,258660,0.0415,9.034
GRSM,Great Smoky Mountains National Park,"TN, NC",SE,521490,6070,446,2232,360,0.1389,12,105,17.3,2016,11312786,9289215,0.0199,21.693
GUMO,Guadalupe Mountains National Park,TX,IM,86416,1683,364,1528,50,0.0317,2,81,48.13,2016,181839,174157,0.0043,2.104
HALE,Haleakala National Park,HI,PW,29094,2286,68,1193,830,0.4103,30,66,28.87,2016,1263558,1426068,-0.012,43.43
HAVO,Hawaii Volcanoes National Park,HI,PW,323431,2749,95,1620,1102,0.4048,37,101,36.74,2016,1887580,1612246,0.0159,5.836
HOSP,Hot Springs National Park,AR,MW,5550,800,214,524,64,0.1088,1,24,30.0,2016,1544300,1273456,0.0195,278.252
ISRO,Isle Royale National Park,MI,MW,571790,1171,327,1027,140,0.12,4,57,48.68,2016,24966,17070,0.0388,0.044
JOTR,Joshua Tree National Park,CA,PW,789745,1836,356,818,31,0.0365,5,87,47.39,2016,2505286,1256421,0.0715,3.172
KATM,Katmai National Park and Preserve,AK,AK,3674530,946,254,747,11,0.0145,4,32,33.83,2016,37818,68630,-0.0579,0.01
KEFJ,Kenai Fjords National Park,AK,AK,669983,672,211,587,16,0.0265,5,30,44.64,2016,346534,251630,0.0325,0.517
KOVA,Kobuk Valley National Park,AK,AK,1750717,894,155,553,0,0.0,0,16,17.9,2016,15500,3005,0.1783,0.009
LACL,Lake Clark National Park and Preserve,AK,AK,2619733,1499,252,948,20,0.0207,2,32,21.35,2016,21102,5320,0.1477,0.008
LAVO,Lassen Volcanic National Park,CA,PW,106372,1542,279,1004,50,0.0474,3,53,34.37,2016,536068,388741,0.0327,5.04
MACA,Mammoth Cave National Park,KY,SE,52830,2067,344,1451,177,0.1087,12,57,27.58,2016,586514,597934,-0.0019,11.102
MEVE,Mesa Verde National Park,CO,IM,52122,1116,296,985,121,0.1094,2,69,61.83,2016,583527,557248,0.0046,11.195
MORA,Mount Rainier National Park,WA,PW,235625,1629,241,1038,156,0.1307,6,52,31.92,2016,1356913,1113601,0.02,5.759
NOCA,North Cascades National Park,WA,PW,504781,3064,330,1821,232,0.113,7,72,23.5,2016,28646,19167,0.041,0.057
OLYM,Olympic National Park,WA,PW,922651,1407,422,1243,113,0.0833,7,64,45.49,2016,3390221,2749197,0.0212,3.674
PEFO,Petrified Forest National Park,AZ,IM,93533,736,283,678,54,0.0738,1,61,82.88,2016,643274,581681,0.0101,6.878
PINN,Pinnacles National Park,CA,PW,26606,1338,238,811,129,0.1372,2,61,45.59,2016,215555,158824,0.031,8.102
REDW,Redwood National Park,CA,PW,112512,5828,776,1205,319,0.2093,22,137,23.51,2016,536297,383780,0.034,4.767
ROMO,Rocky Mountain National Park,CO,IM,265828,2973,331,1433,94,0.0616,1,64,21.53,2016,4517585,2743676,0.0511,16.994
SAGU,Saguaro National Park,AZ,IM,91440,1729,380,1472,107,0.0678,1,84,48.58,2016,820426,619983,0.0284,8.972
SEKI,Sequoia and Kings Canyon National Parks,CA,PW,865952,1819,327,1591,227,0.1249,3,83,45.63,2016,1862167,1507273,0.0214,2.15
SHEN,Shenandoah National Park,VA,NE,199045,4215,347,1454,376,0.2055,10,77,18.27,2016,1437341,1076150,0.0294,7.221
THRO,Theodore Roosevelt National Park,ND,MW,70447,939,247,725,82,0.1016,0,36,38.34,2016,753880,435359,0.0564,10.701
VOYA,Voyageurs National Park,MN,MW,218200,1187,344,1044,129,0.11,3,54,45.49,2016,241912,231875,0.0042,1.109
WICA,Wind Cave National Park,SD,MW,28295,1084,321,794,96,0.1079,2,58,53.51,2016,617377,591049,0.0044,21.819
WRST,Wrangell - St Elias National Park and Preserve,AK,AK,8323148,1511,329,1470,35,0.0233,2,40,26.47,2016,79047,50336,0.0462,0.009
YELL,Yellowstone National Park,"WY, MT, ID",IM,2219791,3789,384,1998,188,0.086,3,81,21.38,2016,4257177,2870295,0.0402,1.918
YOSE,Yosemite National Park,CA,PW,761266,1934,397,1702,194,0.1023,5,87,44.98,2016,5028868,3242644,0.0449,6.606
ZION,Zion National Park,UT,IM,146598,1317,322,1164,152,0.1155,6,76,57.71,2016,4295127,2567350,0.0528,29.299
