park_name,state,native_species,non_native_species,pct_non_native,pts_vs_system_avg,invasion_quartile
Haleakala National Park,HI,1193,830,41.0,30.4,1
Hawaii Volcanoes National Park,HI,1620,1102,40.5,29.8,1
Dry Tortugas National Park,FL,340,141,29.3,18.7,1
Acadia National Park,ME,883,274,23.7,13.0,1
Everglades National Park,FL,1381,401,22.5,11.8,1
Biscayne National Park,FL,661,177,21.1,10.5,1
Redwood National Park,CA,1205,319,20.9,10.3,1
Shenandoah National Park,VA,1454,376,20.5,9.9,1
Cuyahoga Valley National Park,OH,1500,267,15.1,4.5,1
Great Smoky Mountains National Park,"TN, NC",2232,360,13.9,3.2,1
Pinnacles National Park,CA,811,129,13.7,3.1,1
Mount Rainier National Park,WA,1038,156,13.1,2.4,1
Sequoia and Kings Canyon National Parks,CA,1591,227,12.5,1.8,1
Channel Islands National Park,CA,1623,224,12.1,1.5,1
Isle Royale National Park,MI,1027,140,12.0,1.3,2
Zion National Park,UT,1164,152,11.6,0.9,2
Capitol Reef National Park,UT,1028,133,11.5,0.8,2
North Cascades National Park,WA,1821,232,11.3,0.6,2
Badlands National Park,SD,622,79,11.3,0.6,2
Arches National Park,UT,665,84,11.2,0.6,2
Black Canyon of the Gunnison National Park,CO,613,76,11.0,0.4,2
Voyageurs National Park,MN,1044,129,11.0,0.3,2
Mesa Verde National Park,CO,985,121,10.9,0.3,2
Hot Springs National Park,AR,524,64,10.9,0.2,2
Mammoth Cave National Park,KY,1451,177,10.9,0.2,2
Wind Cave National Park,SD,794,96,10.8,0.1,2
Yosemite National Park,CA,1702,194,10.2,-0.4,2
Theodore Roosevelt National Park,ND,725,82,10.2,-0.5,2
Canyonlands National Park,UT,784,82,9.5,-1.2,3
Grand Teton National Park,WY,1446,142,8.9,-1.7,3
Grand Canyon National Park,AZ,2309,222,8.8,-1.9,3
Yellowstone National Park,"WY, MT, ID",1998,188,8.6,-2.1,3
Olympic National Park,WA,1243,113,8.3,-2.3,3
Bryce Canyon National Park,UT,728,60,7.6,-3.0,3
Petrified Forest National Park,AZ,678,54,7.4,-3.3,3
Great Basin National Park,NV,887,68,7.1,-3.5,3
Congaree National Park,SC,1121,84,7.0,-3.7,3
Saguaro National Park,AZ,1472,107,6.8,-3.9,3
Glacier National Park,MT,2058,138,6.3,-4.4,3
Rocky Mountain National Park,CO,1433,94,6.2,-4.5,3
Death Valley National Park,"CA, NV",1330,80,5.7,-5.0,3
Big Bend National Park,TX,1902,109,5.4,-5.2,3
Carlsbad Caverns National Park,NM,1356,71,5.0,-5.7,4
Lassen Volcanic National Park,CA,1004,50,4.7,-5.9,4
Crater Lake National Park,OR,1069,53,4.7,-5.9,4
Joshua Tree National Park,CA,818,31,3.6,-7.0,4
Great Sand Dunes National Park and Preserve,CO,821,28,3.3,-7.4,4
Glacier Bay National Park and Preserve,AK,887,29,3.2,-7.5,4
Guadalupe Mountains National Park,TX,1528,50,3.2,-7.5,4
Kenai Fjords National Park,AK,587,16,2.6,-8.0,4
Wrangell - St Elias National Park and Preserve,AK,1470,35,2.3,-8.3,4
Denali National Park and Preserve,AK,977,22,2.2,-8.5,4
Lake Clark National Park and Preserve,AK,948,20,2.1,-8.6,4
Katmai National Park and Preserve,AK,747,11,1.5,-9.2,4
Gates Of The Arctic National Park and Preserve,AK,720,0,0.0,-10.7,4
Kobuk Valley National Park,AK,553,0,0.0,-10.7,4
