year,total_visitors,parks_reporting,yoy_pct,moving_avg_5y
1904,120690,6,,120690
1905,140954,6,16.79,130822
1906,30569,6,-78.31,97404
1907,32935,6,7.74,81287
1908,42768,7,29.86,73583
1909,60899,7,42.39,61625
1910,173416,8,184.76,68117
1911,193757,9,11.73,100755
1912,197884,9,2.13,133745
1913,216403,9,9.36,168472
1914,209193,9,-3.33,198131
1915,313799,10,50.0,226207
1916,324597,10,3.44,252375
1917,451061,11,38.96,303011
1918,433072,11,-3.99,346344
1919,729801,15,68.52,450466
1920,918530,16,25.86,571412
1921,973936,17,6.03,701280
1922,1004299,18,3.12,811928
1923,1212688,20,20.75,967851
1924,1342495,21,10.7,1090390
1925,1704970,20,27.0,1247678
1926,1914166,20,12.27,1435724
1927,2197059,20,14.78,1674276
1928,2417797,20,10.05,1915297
1929,2700023,23,11.67,2186803
1930,2742775,23,1.58,2394364
1931,2935043,23,7.01,2598539
1932,2847482,24,-2.98,2728624
1933,2892383,25,1.58,2823541
1934,3552673,27,22.83,2994071
1935,3966599,29,11.65,3238836
1936,5800915,31,46.24,3812010
1937,6654674,32,14.72,4573449
1938,6679912,33,0.38,5330955
1939,7031258,34,5.26,6026672
1940,7590868,35,7.96,6751525
1941,8855618,37,16.66,7362466
1942,3930084,37,-55.62,6817548
1943,2073774,37,-47.23,5896320
1944,2554289,38,23.17,5000927
1945,4451804,38,74.29,4373114
1946,9213528,38,106.96,4444696
1947,10963674,38,19.0,5851414
1948,11679827,38,6.53,7772624
1949,13017196,38,11.45,9865206
1950,13908431,39,6.85,11756531
1951,15751358,39,13.25,13064097
1952,18023900,39,14.43,14476142
1953,18586076,39,3.12,15857392
1954,19224400,39,3.43,17098833
1955,19784000,39,2.91,18273947
1956,21664900,41,9.51,19456655
1957,22519200,41,3.94,20355715
1958,23534900,41,4.51,21345480
1959,24393600,41,3.65,22379320
1960,28735600,42,17.8,24169640
1961,29808400,42,3.73,25798340
1962,34366200,42,15.29,28167740
1963,34794600,43,1.25,30419680
1964,35629100,43,2.4,32666780
1965,38160300,44,7.1,34551720
1966,40688800,44,6.63,36727800
1967,41989800,44,3.2,38252520
1968,44653200,44,6.34,40224240
1969,45183900,44,1.19,42135200
1970,48878300,45,8.18,44278800
1971,45063700,47,-7.8,45153780
1972,49812554,48,10.54,46718331
1973,47966200,48,-3.71,47380931
1974,45964600,48,-4.17,47537071
1975,50693000,48,10.29,47900011
1976,54540700,49,7.59,49795411
1977,55462600,49,1.69,50925420
1978,55709932,50,0.45,52474166
1979,48008957,50,-13.82,52883038
1980,49710081,50,3.54,52686454
1981,52735261,50,6.09,52325366
1982,52155730,55,-1.1,51663992
1983,52863167,55,1.36,51094639
1984,52624388,55,-0.45,52017725
1985,52897676,56,0.52,52655244
1986,56560095,56,6.92,53420211
1987,59907362,56,5.92,54970538
1988,59935891,56,0.05,56385082
1989,60944427,56,1.68,58049090
1990,58264845,56,-4.4,59122524
1991,61530736,56,5.61,60116652
1992,63168031,56,2.66,60768786
1993,65186900,56,3.2,61818988
1994,66381979,56,1.83,62906498
1995,68203904,56,2.74,64894310
1996,66778251,55,-2.09,65943813
1997,68956585,56,3.26,67101524
1998,68033815,56,-1.34,67670907
1999,67937356,56,-0.14,67981982
2000,65889447,56,-3.01,67519091
2001,63703817,56,-3.32,66904204
2002,64313096,56,0.96,65975506
2003,63153912,56,-1.8,64999526
2004,63130037,56,-0.04,64038062
2005,62914251,56,-0.34,63443023
2006,59846700,56,-4.88,62671599
2007,61856901,56,3.36,62180360
2008,60853985,56,-1.62,61720375
2009,62702991,56,3.04,61634966
2010,64373947,56,2.66,61926905
2011,62556349,56,-2.82,62468835
2012,64609983,56,3.28,63019451
2013,63058207,56,-2.4,63460295
2014,68487215,56,8.61,64617140
2015,74837957,56,9.27,66709942
2016,82455174,56,10.18,70689707
