park_name,state,acres,visitors_latest,visitors_per_acre,crowding_quartile,crowding_percentile
Hot Springs National Park,AR,5550,1544300,278.252,1,100.0
Cuyahoga Valley National Park,OH,32950,2423390,73.547,1,98.2
Acadia National Park,ME,47390,3303393,69.707,1,96.4
Bryce Canyon National Park,UT,35835,2365110,66.0,1,94.5
Haleakala National Park,HI,29094,1263558,43.43,1,92.7
Zion National Park,UT,146598,4295127,29.299,1,90.9
Wind Cave National Park,SD,28295,617377,21.819,1,89.1
Great Smoky Mountains National Park,"TN, NC",521490,11312786,21.693,1,87.3
Arches National Park,UT,76519,1585718,20.723,1,85.5
Rocky Mountain National Park,CO,265828,4517585,16.994,1,83.6
Mesa Verde National Park,CO,52122,583527,11.195,1,81.8
Mammoth Cave National Park,KY,52830,586514,11.102,1,80.0
Theodore Roosevelt National Park,ND,70447,753880,10.701,1,78.2
Grand Teton National Park,WY,309995,3270076,10.549,1,76.4
Carlsbad Caverns National Park,NM,46766,466773,9.981,2,74.5
Great Sand Dunes National Park and Preserve,CO,42984,388308,9.034,2,72.7
Saguaro National Park,AZ,91440,820426,8.972,2,70.9
Pinnacles National Park,CA,26606,215555,8.102,2,69.1
Black Canyon of the Gunnison National Park,CO,32950,238018,7.224,2,67.3
Shenandoah National Park,VA,199045,1437341,7.221,2,65.5
Petrified Forest National Park,AZ,93533,643274,6.878,2,63.6
Yosemite National Park,CA,761266,5028868,6.606,2,61.8
Hawaii Volcanoes National Park,HI,323431,1887580,5.836,2,60.0
Mount Rainier National Park,WA,235625,1356913,5.759,2,58.2
Congaree National Park,SC,26546,143843,5.419,2,56.4
Lassen Volcanic National Park,CA,106372,536068,5.04,2,54.5
Grand Canyon National Park,AZ,1217403,5969811,4.904,2,52.7
Redwood National Park,CA,112512,536297,4.767,2,50.9
Capitol Reef National Park,UT,241904,1064904,4.402,3,49.1
Crater Lake National Park,OR,183224,756344,4.128,3,47.3
Badlands National Park,SD,242756,996263,4.104,3,45.5
Olympic National Park,WA,922651,3390221,3.674,3,43.6
Joshua Tree National Park,CA,789745,2505286,3.172,3,41.8
Biscayne National Park,FL,172924,514709,2.977,3,40.0
Glacier National Park,MT,1013572,2946681,2.907,3,38.2
Canyonlands National Park,UT,337598,776218,2.299,3,36.4
Sequoia and Kings Canyon National Parks,CA,865952,1862167,2.15,3,34.5
Guadalupe Mountains National Park,TX,86416,181839,2.104,3,32.7
Yellowstone National Park,"WY, MT, ID",2219791,4257177,1.918,3,30.9
Great Basin National Park,NV,77180,144846,1.877,3,29.1
Channel Islands National Park,CA,249561,364807,1.462,3,27.3
Dry Tortugas National Park,FL,64701,73661,1.138,3,25.5
Voyageurs National Park,MN,218200,241912,1.109,4,23.6
Everglades National Park,FL,1508538,930907,0.617,4,21.8
Kenai Fjords National Park,AK,669983,346534,0.517,4,20.0
Big Bend National Park,TX,801163,388290,0.485,4,18.2
Death Valley National Park,"CA, NV",4740912,1296283,0.273,4,16.4
Denali National Park and Preserve,AK,3372402,587412,0.174,4,14.5
Glacier Bay National Park and Preserve,AK,3224840,520171,0.161,4,12.7
North Cascades National Park,WA,504781,28646,0.057,4,10.9
Isle Royale National Park,MI,571790,24966,0.044,4,9.1
Katmai National Park and Preserve,AK,3674530,37818,0.01,4,7.3
Wrangell - St Elias National Park and Preserve,AK,8323148,79047,0.009,4,5.5
Kobuk Valley National Park,AK,1750717,15500,0.009,4,3.6
Lake Clark National Park and Preserve,AK,2619733,21102,0.008,4,1.8
Gates Of The Arctic National Park and Preserve,AK,7523898,10047,0.001,4,0.0
