park_a,park_b,shared_species,jaccard
Arches National Park,Canyonlands National Park,594,0.581
Sequoia and Kings Canyon National Parks,Yosemite National Park,1337,0.553
Gates Of The Arctic National Park and Preserve,Kobuk Valley National Park,713,0.515
Canyonlands National Park,Capitol Reef National Park,674,0.497
Isle Royale National Park,Voyageurs National Park,765,0.48
Arches National Park,Capitol Reef National Park,608,0.466
Carlsbad Caverns National Park,Guadalupe Mountains National Park,1002,0.464
Denali National Park and Preserve,Wrangell - St Elias National Park and Preserve,813,0.414
Katmai National Park and Preserve,Kenai Fjords National Park,455,0.391
Capitol Reef National Park,Zion National Park,692,0.387
Denali National Park and Preserve,Lake Clark National Park and Preserve,771,0.387
Big Bend National Park,Carlsbad Caverns National Park,974,0.381
Bryce Canyon National Park,Capitol Reef National Park,538,0.38
Biscayne National Park,Everglades National Park,899,0.379
Katmai National Park and Preserve,Lake Clark National Park and Preserve,670,0.377
